{
"base": "USD",
"rates": {
    "USD": 1,
    "AED": 3.6732,
    "AFN": 77.050008,
    "ALL": 103.68506,
    "AMD": 481.616228,
    "ANG": 1.795336,
    "AOA": 654.817,
    "ARS": 81.308621,
    "AUD": 1.35885,
    "AWG": 1.8,
    "AZN": 1.7025,
    "BAM": 1.63183,
    "BBD": 2,
    "BDT": 84.820901,
    "BGN": 1.638754,
    "BHD": 0.377047,
    "BIF": 1942.067684,
    "BMD": 1,
    "BND": 1.337283,
    "BOB": 6.896333,
    "BRL": 5.3326,
    "BSD": 1,
    "BTC": 0.000050883602,
    "BTN": 73.955366,
    "BWP": 11.045764,
    "BYN": 2.590297,
    "BZD": 2.016103,
    "CAD": 1.299149,
    "CDF": 1967.998483,
    "CHF": 0.908343,
    "CLF": 0.027612,
    "CLP": 761.901298,
    "CNH": 6.579093,
    "CNY": 6.5789,
    "COP": 3622.097235,
    "CRC": 603.954355,
    "CUC": 1.000209,
    "CUP": 25.75,
    "CVE": 92.25,
    "CZK": 22.0117,
    "DJF": 178.04543,
    "DKK": 6.235367,
    "DOP": 58.126556,
    "DZD": 129.204088,
    "EGP": 15.6547,
    "ERN": 14.999872,
    "ETB": 38.159345,
    "EUR": 0.8377,
    "FJD": 2.07515,
    "FKP": 0.749906,
    "GBP": 0.749906,
    "GEL": 3.335,
    "GGP": 0.749906,
    "GHS": 5.861083,
    "GIP": 0.749906,
    "GMD": 51.8,
    "GNF": 9835.268744,
    "GTQ": 7.818948,
    "GYD": 209.569954,
    "HKD": 7.75142,
    "HNL": 24.261522,
    "HRK": 6.3283,
    "HTG": 66.179967,
    "HUF": 300.77,
    "IDR": 14105.403438,
    "ILS": 3.305165,
    "IMP": 0.749906,
    "INR": 74.000545,
    "IQD": 1192.820675,
    "IRR": 42105,
    "ISK": 133.03,
    "JEP": 0.749906,
    "JMD": 146.642194,
    "JOD": 0.709,
    "JPY": 104.307,
    "KES": 110.1,
    "KGS": 84.7986,
    "KHR": 4061.970289,
    "KMF": 412.250037,
    "KPW": 900,
    "KRW": 1110.01,
    "KWD": 0.305399,
    "KYD": 0.833507,
    "KZT": 425.772953,
    "LAK": 9275.558309,
    "LBP": 1515.335981,
    "LKR": 185.834886,
    "LRD": 157.499967,
    "LSL": 15.389181,
    "LYD": 1.355,
    "MAD": 9.083784,
    "MDL": 17.195519,
    "MGA": 3783.43811,
    "MKD": 51.645807,
    "MMK": 1315.248254,
    "MNT": 2854.831181,
    "MOP": 7.985649,
    "MRO": 357,
    "MRU": 37.16,
    "MUR": 39.849215,
    "MVR": 15.41,
    "MWK": 763.604016,
    "MXN": 20.163212,
    "MYR": 4.074,
    "MZN": 74.231998,
    "NAD": 15.43,
    "NGN": 383.278728,
    "NIO": 34.853771,
    "NOK": 8.8847,
    "NPR": 118.328789,
    "NZD": 1.424685,
    "OMR": 0.38501,
    "PAB": 1,
    "PEN": 3.60376,
    "PGK": 3.520701,
    "PHP": 48.109536,
    "PKR": 159.457928,
    "PLN": 3.752342,
    "PYG": 7050.860811,
    "QAR": 3.64075,
    "RON": 4.0835,
    "RSD": 98.49,
    "RUB": 76.44,
    "RWF": 988.881865,
    "SAR": 3.750733,
    "SBD": 8.066615,
    "SCR": 20.810052,
    "SDG": 55.325,
    "SEK": 8.5735,
    "SGD": 1.33976,
    "SHP": 0.749906,
    "SLL": 10131.136388,
    "SOS": 580.369719,
    "SRD": 14.154,
    "SSP": 130.26,
    "STD": 20900.544238,
    "STN": 20.67,
    "SVC": 8.752242,
    "SYP": 512.847186,
    "SZL": 15.281883,
    "THB": 30.27,
    "TJS": 11.329606,
    "TMT": 3.51,
    "TND": 2.734,
    "TOP": 2.287117,
    "TRY": 7.8277,
    "TTD": 6.794794,
    "TWD": 28.533199,
    "TZS": 2319.433675,
    "UAH": 28.500356,
    "UGX": 3703.733059,
    "USD": 1,
    "UYU": 42.640694,
    "UZS": 10389.69954,
    "VEF": 248487.642241,
    "VES": 915980.365,
    "VND": 23239.023071,
    "VUV": 111.887732,
    "WST": 2.571605,
    "XAF": 549.495179,
    "XAG": 0.04412479,
    "XAU": 0.00056218,
    "XCD": 2.70255,
    "XDR": 0.70051,
    "XOF": 549.495179,
    "XPD": 0.00042075,
    "XPF": 99.9642,
    "XPT": 0.00102984,
    "YER": 250.349961,
    "ZAR": 15.441171,
    "ZMW": 21.003963,
    "ZWL": 322
    }
}